<?xml version="1.0" encoding="UTF-8"?>
<project-private xmlns="http://www.netbeans.org/ns/project-private/1">
    <editor-bookmarks xmlns="http://www.netbeans.org/ns/editor-bookmarks/2" lastBookmarkId="0"/>
    <open-files xmlns="http://www.netbeans.org/ns/projectui-open-files/2">
        <group>
            <file>file:/C:/Users/shion/Documents/NetBeansProjects/chome/src/Control/InsertarProyectoController.java</file>
            <file>file:/C:/Users/shion/Documents/NetBeansProjects/chome/src/Vista/Login.fxml</file>
            <file>file:/C:/Users/shion/Documents/NetBeansProjects/chome/src/Modelo/main.java</file>
            <file>file:/C:/Users/shion/Documents/NetBeansProjects/chome/src/Control/RegistroController.java</file>
            <file>file:/C:/Users/shion/Documents/NetBeansProjects/chome/src/Control/LoginController.java</file>
            <file>file:/C:/Users/shion/Documents/NetBeansProjects/chome/src/Vista/Insertar%20Proyecto.fxml</file>
            <file>file:/C:/Users/shion/Documents/NetBeansProjects/chome/src/Control/InicioController.java</file>
            <file>file:/C:/Users/shion/Documents/NetBeansProjects/chome/src/Vista/Buscar%20trabajador.fxml</file>
            <file>file:/C:/Users/shion/Documents/NetBeansProjects/chome/src/Vista/Buscar%20proyecto.fxml</file>
            <file>file:/C:/Users/shion/Documents/NetBeansProjects/chome/src/Control/BuscarProyectoController.java</file>
        </group>
    </open-files>
</project-private>
